{
    "name"              : "[COLOR FFFFF44F]ARDundZDF[/COLOR]",
    "plugin"            : "plugin.video.ardundzdf",
    "priority"          : 64,
    "is_resolvable"     : "true",
    "play_movie"        :[
                            "plugin://plugin.video.ardundzdf/?action=dirList&dirID=resources.lib.ARDnew.SearchARDundZDFnew%26fparams%3D%7B%27title%27%3A%20%27Suche%2520in%2520ARD%2520und%2520ZDF%27%7D",
                            {"keyboard": "Select"},
                            {"keyboard": "{clearname}"}
                         ],
    "play_episode"      :[
                            "plugin://plugin.video.ardundzdf/?action=dirList&dirID=resources.lib.ARDnew.SearchARDundZDFnew%26fparams%3D%7B%27title%27%3A%20%27Suche%2520in%2520ARD%2520und%2520ZDF%27%7D",
                            {"keyboard": "Select"},
                            {"keyboard": "{clearname}"}
                         ],
    "search_movie"      :[
                            "plugin://plugin.video.ardundzdf/?action=dirList&dirID=resources.lib.ARDnew.SearchARDundZDFnew%26fparams%3D%7B%27title%27%3A%20%27Suche%2520in%2520ARD%2520und%2520ZDF%27%7D",
                            {"keyboard": "Select"},
                            {"keyboard": "{clearname}"}
                         ],
    "search_episode"    :[
                            "plugin://plugin.video.ardundzdf/?action=dirList&dirID=resources.lib.ARDnew.SearchARDundZDFnew%26fparams%3D%7B%27title%27%3A%20%27Suche%2520in%2520ARD%2520und%2520ZDF%27%7D",
                            {"keyboard": "Select"},
                            {"keyboard": "{clearname}"}
                         ]
}