{
    "info": "get_filter_dir",
    "library": "video",
    "paths": [
        "plugin://plugin.video.themoviedb.helper/?genres=anime&info=trakt_trending&tmdb_type=movie&page=1&widget=true&nextpage=false",
        "plugin://plugin.video.themoviedb.helper/?genres=anime&info=trakt_trending&tmdb_type=tv&page=1&widget=true&nextpage=false",
        "plugin://plugin.video.themoviedb.helper/?genres=anime&info=trakt_trending&tmdb_type=tv&page=2&widget=true&nextpage=false"
    ],
    "names": [
        "Anime Filme 1 Trakt Im Trend",
        "Anime Serien 1 Trakt Im Trend",
        "Anime Serien 2 Trakt Im Trend"
    ],
    "no_label_dupes": "true"
}