{
    "info": "get_filter_dir",
    "library": "video",
    "paths": [
        "plugin://plugin.video.cumination/?channel=None&keyword&mode=hanime.hanime_list&name=hanime.tv&page=1&section=None&url&widget=true",
        "plugin://plugin.video.cumination/?channel=None&keyword&mode=hentaistream.List&name=HentaiStream&page&section=None&url=https://hstream.moe/search?order=recently-uploaded%26page=1&widget=true",
        "plugin://plugin.video.cumination/?channel=None&keyword&mode=hentaistream.List&name=HentaiStream&page&section=None&url=https://hstream.moe/search?order=recently-uploaded%26page=2&widget=true"
    ],
    "names": [
        "Erotik Kanäle Hentai 1 nach Zufall",
        "Erotik Kanäle Hentai 2 nach Zufall",
        "Erotik Kanäle Hentai 3 nach Zufall"
    ],
    "no_label_dupes": "true",
    "exclude_key": "title",
    "exclude_operator": "contains",
    "exclude_value": "Next Page"
}