{
    "info": "get_filter_dir",
    "library": "video",
    "paths": [
        "plugin://plugin.video.cumination/?channel=None&keyword&mode=netflixporno.List&name=NetflixPorno&page&section=None&url=https://netflixporno.net/adult/genre/porn-movies/&widget=true",
        "plugin://plugin.video.cumination/?channel=None&keyword&mode=paradisehill.List&name=ParadiseHill&page&section=None&url=https://en.paradisehill.cc/all/?sort=created_at&widget=true",
        "plugin://plugin.video.cumination/?channel=None&keyword&mode=paradisehill.List&name=ParadiseHill&page&section=None&url=https://en.paradisehill.cc/all/?sort=created_at%26page=2&widget=true"
    ],
    "names": [
        "Erotik Kanäle Filme 1 nach Zufall",
        "Erotik Kanäle Filme 2 nach Zufall",
        "Erotik Kanäle Filme 3 nach Zufall"
    ],
    "no_label_dupes": "true",
    "exclude_key": "title",
    "exclude_operator": "contains",
    "exclude_value": "Next Page"
}