{
    "info": "get_filter_dir",
    "library": "video",
    "paths": [
        "plugin://plugin.video.cumination/?channel=None&keyword&mode=hitprn.List&name=Hitprn&page&section=None&url=https://www.hitprn.com/&widget=true",
        "plugin://plugin.video.cumination/?channel=None&keyword&mode=pornhub.List&name=PornHub&page&section=None&url=https://www.pornhub.com/video&widget=true"
    ],
    "names": [
        "Erotik Kanäle Serien 1 nach Zufall",
        "Erotik Kanäle Serien 2 nach Zufall"
    ],
    "no_label_dupes": "true",
    "exclude_key": "title",
    "exclude_operator": "contains",
    "exclude_value": "Next Page"
}