{
    "info": "get_filter_dir",
    "library": "video",
    "paths": [
        "plugin://plugin.video.cumination/?channel=None&keyword&mode=cambro.List&name=Cambro&page&section=None&url=https://www.cambro.tv/&widget=true",
        "plugin://plugin.video.cumination/?channel=None&keyword&mode=chaturbate.topCams&name=Chaturbate&page&section=None&url=https://chaturbate.com/api/ts/contest/leaderboard/&widget=true"
    ],
    "names": [
        "Erotik Kanäle Cams 1 nach Zufall",
        "Erotik Kanäle Cams 2 nach Zufall"
    ],
    "no_label_dupes": "true",
    "exclude_key": "title",
    "exclude_operator": "contains",
    "exclude_value": "Next Page"
}