{
    "info": "get_filter_dir",
    "library": "video",
    "paths": [
        "plugin://plugin.video.themoviedb.helper/?info=all_items&tmdb_type=collection&page=1&widget=true&nextpage=false&exclude_key=plot&exclude_value=is_empty",
        "plugin://plugin.video.themoviedb.helper/?info=all_items&tmdb_type=collection&page=2&widget=true&nextpage=false&exclude_key=plot&exclude_value=is_empty",
        "plugin://plugin.video.themoviedb.helper/?info=all_items&tmdb_type=collection&page=3&widget=true&nextpage=false&exclude_key=plot&exclude_value=is_empty",
        "plugin://plugin.video.themoviedb.helper/?info=all_items&tmdb_type=collection&page=4&widget=true&nextpage=false&exclude_key=plot&exclude_value=is_empty"
    ],
    "names": [
        "Filme 1 TMDB Filmreihen",
        "Filme 2 TMDB Filmreihen",
        "Filme 3 TMDB Filmreihen",
        "Filme 4 TMDB Filmreihen"
    ],
    "no_label_dupes": "true"
}