{
    "info": "get_filter_dir",
    "library": "video",
    "paths": [
        "plugin://plugin.video.themoviedb.helper/?info=trakt_anticipated&tmdb_type=movie&page=1&widget=true&nextpage=false&filter_key=premiered&filter_value=$DAYS[-7]&filter_operator=gt&exclude_key=title&exclude_value=is_empty",
        "plugin://plugin.video.themoviedb.helper/?info=trakt_anticipated&tmdb_type=movie&page=2&widget=true&nextpage=false&filter_key=premiered&filter_value=$DAYS[-7]&filter_operator=gt&exclude_key=title&exclude_value=is_empty",
        "plugin://plugin.video.themoviedb.helper/?info=trakt_anticipated&tmdb_type=movie&page=3&widget=true&nextpage=false&filter_key=premiered&filter_value=$DAYS[-7]&filter_operator=gt&exclude_key=title&exclude_value=is_empty"
    ],
    "names": [
        "Filme 1 Trakt Erwartete",
        "Filme 2 Trakt Erwartete",
        "Filme 3 Trakt Erwartete"
    ],
    "no_label_dupes": "true",
    "exclude_key": "genre",
    "exclude_value": "News / Reality / Soap / Talk"
}