{
    "info": "get_filter_dir",
    "library": "video",
    "paths": [
        "plugin://plugin.video.themoviedb.helper/?info=trakt_trending&tmdb_type=movie&page=1&widget=true&nextpage=false&filter_key=premiered&filter_value=$DAYS[-730]&filter_operator=gt&exclude_key=plot&exclude_value=is_empty",
        "plugin://plugin.video.themoviedb.helper/?info=trakt_trending&tmdb_type=movie&page=2&widget=true&nextpage=false&filter_key=premiered&filter_value=$DAYS[-730]&filter_operator=gt&exclude_key=plot&exclude_value=is_empty",
        "plugin://plugin.video.themoviedb.helper/?info=trakt_trending&tmdb_type=movie&page=3&widget=true&nextpage=false&filter_key=premiered&filter_value=$DAYS[-730]&filter_operator=gt&exclude_key=plot&exclude_value=is_empty",
        "plugin://plugin.video.themoviedb.helper/?info=trakt_trending&tmdb_type=movie&page=4&widget=true&nextpage=false&filter_key=premiered&filter_value=$DAYS[-730]&filter_operator=gt&exclude_key=plot&exclude_value=is_empty",
        "plugin://plugin.video.themoviedb.helper/?info=trakt_trending&tmdb_type=movie&page=1&widget=true&nextpage=true&exclude_key=plot&exclude_value=is_empty"
    ],
    "names": [
        "Filme 1a Trakt Im Trend",
        "Filme 2 Trakt Im Trend",
        "Filme 3 Trakt Im Trend",
        "Filme 4 Trakt Im Trend",
        "Filme 1b Trakt Im Trend"
    ],
    "no_label_dupes": "true",
    "exclude_key": "genre",
    "exclude_value": "News / Reality / Soap / Talk"
}