{
    "info": "get_filter_dir",
    "library": "video",
    "paths": [
        "plugin://plugin.video.themoviedb.helper/?info=trakt_trending&tmdb_type=tv&page=1&widget=true&nextpage=false&filter_key=premiered&filter_value=$DAYS[-18250]&filter_operator=gt&exclude_key=plot&exclude_value=is_empty",
        "plugin://plugin.video.themoviedb.helper/?info=trakt_trending&tmdb_type=tv&page=2&widget=true&nextpage=false&filter_key=premiered&filter_value=$DAYS[-18250]&filter_operator=gt&exclude_key=plot&exclude_value=is_empty",
        "plugin://plugin.video.themoviedb.helper/?info=trakt_trending&tmdb_type=tv&page=1&widget=true&nextpage=false&exclude_key=plot&exclude_value=is_empty",
        "plugin://plugin.video.themoviedb.helper/?info=trakt_trending&tmdb_type=tv&page=2&widget=true&nextpage=true&exclude_key=plot&exclude_value=is_empty"
    ],
    "names": [
        "Serien 1a Trakt Im Trend",
        "Serien 2a Trakt Im Trend",
        "Serien 1b Trakt Im Trend",
        "Serien 2b Trakt Im Trend"
    ],
    "no_label_dupes": "true",
    "exclude_key": "genre",
    "exclude_value": "News / Reality / Soap / Talk"
}