{
    "info": "get_filter_dir",
    "library": "video",
    "paths": [
        "plugin://plugin.video.themoviedb.helper/?info=trakt_popular&tmdb_type=tv&page=1&widget=true&nextpage=false&exclude_key=plot&exclude_value=is_empty",
        "plugin://plugin.video.themoviedb.helper/?info=trakt_popular&tmdb_type=tv&page=2&widget=true&nextpage=true&exclude_key=plot&exclude_value=is_empty"
    ],
    "names": [
        "Serien 1 Trakt Beliebte",
        "Serien 2 Trakt Beliebte"
    ],
    "no_label_dupes": "true",
    "exclude_key": "genre",
    "exclude_value": "News / Reality / Soap / Talk"
}