{
    "name"              : "[COLOR FFFD7C6E]AniWorld[/COLOR]",
    "plugin"            : "plugin.video.xstream",
    "icon"              : "special://home/addons/plugin.video.xstream/resources/art/sites/aniworld.png",
    "priority"          : 20,
    "language"          : "de",
    "is_resolvable"     : "true",
    "assert"            :{
                            "play_episode":     ["originaltitle", "season", "episode"],
                            "search_episode":   ["originaltitle"]
                         },
    "fallback"          :{
                            "play_episode": "xS_GlobalSearch.json search_episode"
                         },
    "play_episode"      :[
                            "plugin://plugin.video.xstream/?function=showSearch&site=aniworld",
                            {"keyboard": "{showname}"},
                            {"title": "(?i)^(\\[.*\\])?{showname}(\\[.*\\])?$"},
                            {"return": "true", "season": "{season}", "episode": "{episode}"},
                            {"season": "{season}"},
                            {"season": "{season}", "episode": "{episode}"}
                         ]
}