{
    "name"              : "[COLOR FFFD7C6E]Cinemathek[/COLOR]",
    "plugin"            : "plugin.video.xstream",
    "icon"              : "special://home/addons/plugin.video.xstream/resources/art/sites/cinemathek.png",
    "priority"          : 20,
    "language"          : "de",
    "is_resolvable"     : "true",
    "assert"            :{
                            "play_movie":       ["title", "year"],
                            "play_episode":     ["showname", "season", "episode"],
                            "search_movie":     ["title"],
                            "search_episode":   ["showname"]
                         },
    "fallback"          :{
                            "play_movie": "xS_GlobalSearch.json search_movie",
                            "play_episode": "xS_GlobalSearch.json search_episode"
                         },
    "play_movie"        :[
                            "plugin://plugin.video.xstream/?function=showSearch&site=cinemathek",
                            {"keyboard": "{title}"},
                            {"title": "{title}"}
                         ],
    "play_episode"      :[
                            "plugin://plugin.video.xstream/?function=showSearch&site=cinemathek",
                            {"keyboard": "{showname}"},
                            {"title": "{showname}"},
                            {"season": "{season}"},
                            {"episode": "{episode}"}
                         ]
}