{
    "name"              : "[COLOR FFFD7C6E]Einschalten[/COLOR]",
    "plugin"            : "plugin.video.xstream",
    "icon"              : "special://home/addons/plugin.video.xstream/resources/art/sites/einschalten.png",
    "priority"          : 21,
    "language"          : "de",
    "is_resolvable"     : "true",
    "assert"            :{
                            "play_movie":       ["title", "year"],
                            "play_episode":     ["showname", "season", "episode"],
                            "search_movie":     ["title"],
                            "search_episode":   ["showname"]
                         },
    "fallback"          :{
                            "play_movie": "xS_GlobalSearch.json search_movie"
                         },
    "play_movie"        :[
                            "plugin://plugin.video.xstream/?function=showSearch&site=einschalten",
                            {"keyboard": "{title}"},
                            {"title": "{title}"}
                         ]
}