{
    "name"              : "[COLOR FFFD7C6E]Flimmerstube[/COLOR]",
    "plugin"            : "plugin.video.xstream",
    "icon"              : "special://home/addons/plugin.video.xstream/resources/art/sites/flimmerstube.png",
    "priority"          : 30,
    "language"          : "de",
    "is_resolvable"     : "true",
    "assert"            :{
                            "play_movie":       ["title", "year"],
                            "search_movie":     ["title"] 
                         },
    "fallback"          :{
                            "play_movie": "xS_GlobalSearch.json search_movie"
                        },
    "play_movie"        :[
                            "plugin://plugin.video.xstream/?function=showSearch&site=flimmerstube",
                            {"keyboard": "{showname}"},
                            {"dialog": "True"}
                         ]
}