{
    "name"              : "[COLOR FFFD7C6E]NetzKino[/COLOR]",
    "plugin"            : "plugin.video.xstream",
    "icon"              : "special://home/addons/plugin.video.xstream/resources/art/sites/netzkino.png",
    "priority"          : 64,
    "language"          : "de",
    "is_resolvable"     : "true",
    "assert"            :{
                            "play_movie":       ["title", "year"],
                            "search_movie":     ["title"]
                         },
    "fallback"          :{
                            "play_movie": "xS_GlobalSearch.json search_movie"
                         },
    "play_movie"        :[
                            "plugin://plugin.video.xstream/?function=showSearch&site=netzkino",
                            {"keyboard": "{title}"},
                            {"title": "{title}"}
                         ]
}