{
    "name"              : "[COLOR FFFD7C6E]VoD - Oha[/COLOR]",
    "plugin"            : "plugin.video.xstream",
    "icon"              : "special://home/addons/plugin.video.xstream/resources/art/sites/vod_oha.png",
    "priority"          : 58,
    "language"          : "de",
    "is_resolvable"     : "true",
    "assert"            :{
                            "play_movie":       ["title", "year"],
                            "search_movie":     ["title"]
                         },
    "fallback"          :{
                            "play_movie": "xS_GlobalSearch.json search_movie",
                            "play_episode": "xS_GlobalSearch.json search_episode"
                         },
    "play_movie"        :[
                            "plugin://plugin.video.xstream/?function=showSearchMovies&site=vod_oha",
                            {"keyboard": "{showname}"},
                            {"title": "{showname}"}
                         ],
    "play_episode"      :[
                            "plugin://plugin.video.xstream/?function=showSearchSeries&site=vod_oha",
                            {"keyboard": "{showname}"},
                            {"title": "{showname}"},
                            {"season": "{season}"},
                            {"episode": "{episode}"}
                         ]
}