{
    "name"              : "[COLOR FFFD7C6E]xStream Filme (alle Seiten)[/COLOR]",
    "plugin"            : "plugin.video.xstream",
    "priority"          : 100,
    "language"          : "de",
    "is_resolvable"     : "true",
    "assert"            :{
                            "play_movie":       ["title", "year"],
                            "play_episode":     ["showname", "season", "episode"]
                         },
    "play_movie"        :[
                            "plugin://plugin.video.xstream/?function=globalSearch&params=0&site=globalSearch&title=Global%20Suche&searchterm={title}",
                            {"dialog": "True"}
                         ]
}