{
    "name"              : "[COLOR FFFD7C6E]xStream (alle Seiten)[/COLOR]",
    "plugin"            : "plugin.video.xstream",
    "priority"          : 80,
    "language"          : "de",
    "is_resolvable"     : "true",
    "assert"            :{
                            "play_movie":       ["title", "year"],
                            "play_episode":     ["showname", "season", "episode"],
                            "search_movie":     ["title"],
                            "search_episode":   ["showname"]
                         },
    "play_movie"        :[
                            "plugin://plugin.video.xstream/?function=globalSearch&params=0&site=globalSearch&title=Global%20Suche&searchterm={title}",
                            {"dialog": "True"}
                         ],
    "play_episode"      :[
                            "plugin://plugin.video.xstream/?function=globalSearch&params=0&site=globalSearch&title=Global%20Suche&searchterm={showname}",
                            {"dialog": "True"},
                            {"return": "true", "season": "{season}", "episode": "{episode}"},
                            {"season": "{season}"},
                            {"season": "{season}", "episode": "{episode}"}
                         ]
}