{
    "name"              : "[COLOR FFFD7C6E]xStream Serien (alle Seiten)[/COLOR]",
    "plugin"            : "plugin.video.xstream",
    "priority"          : 104,
    "language"          : "de",
    "is_resolvable"     : "true",
    "assert"            :{
                            "play_episode":     ["showname", "season", "episode"],
                            "search_episode":   ["showname"]  
                         },
	"play_episode" 		:[
                            "plugin://plugin.video.xstream/?function=globalSearch&params=0&site=globalSearch",
                            {"keyboard": "{showname}"},
                            {"dialog": "True"}
                         ]
}